customer_id,customer_name,email,region,signup_date
1,DONALD WALKER,rhodespatricia@example.org,South,2025-03-23
2,Brandon Hall,hoffmanjennifer@example.net,Central,2025-02-17
3,  Kevin Pacheco  ,blakeerik@example.com,South,2025-01-16
4,Tyler Rogers,jamesmichael@example.com,Central,2024-08-26
5,Monica Herrera,smiller@example.net,North,2025-02-26
6,Laura Bush,stanleykendra@example.org,East,2025-03-08
7,Jamie Chavez,francisco53@example.net,North,2025-08-21
8,Maria Lynch,amandasanchez@example.com,East,2024-07-05
9,Margaret Hawkins DDS,perezantonio@example.com,West,2024-09-22
10,Thomas Bradley,jason76@example.net,East,2024-10-07
11,  David Hoffman  ,julie69@example.com,South,2024-11-17
12,Brenda Snyder PhD,hernandezernest@example.net,North,2024-09-10
13,James Ferrell,tasha01@example.net,South,2024-10-22
14,Patricia Peterson,ryan70@example.net,North,2025-09-11
15,Jonathan White,harrellkenneth@example.net,South,2025-09-05
16,James Martin,georgetracy@example.org,Central,2024-12-21
17,Sandra Parker,allenashley@example.org,North,2025-10-12
18,MR. PHILIP CANNON,donnaarroyo@example.org,East,2024-02-29
19,Jenny Lewis,jenniferross@example.net,East,2024-07-04
20,Joseph Martinez,calebsmith@example.net,West,2025-03-30
21,Benjamin Welch,carlosjohnson@example.com,Central,2024-06-10
22,Michael Lewis,jenniferkhan@example.net,West,2024-02-19
23,Rhonda Lee,hopkinsmichael@example.com,West,2024-11-26
24,MEGAN JOYCE,brownjessica@example.org,South,2024-11-22
25,Jerry Henderson,steven17@example.net,West,2024-06-23
26,Kimberly Smith,housemelinda@example.org,Central,2024-03-09
27,DR. STEVEN MARTIN,gallowayjoseph@example.com,Central,2024-10-11
28,Monica Logan,smoore@example.org,East,2024-07-18
29,Kimberly Adkins,williamsthomas@example.net,East,2025-11-09
30,Angela Lopez,leonardjoe@example.org,North,2024-04-20
31,Lauren Williams,barnesbrandy@example.net,Central,2025-10-21
32,Michael Edwards,randy47@example.com,Central,2024-08-09
33,Alexandra Howell,jonesjason@example.com,North,2025-10-12
34,Benjamin Sanchez,eric84@example.net,East,2024-04-02
35,Kendra Contreras,sarah12@example.com,North,2025-11-19
36,Juan Nelson,jenniferharris@example.net,Central,2024-03-21
37,Danielle Odonnell,davisrodney@example.com,Central,2025-08-20
38,Carlos Whitney,joycearnold@example.com,South,2024-01-31
39,Tony Vazquez,amydavenport@example.net,East,2025-01-27
40,Andrew Diaz,nolanjason@example.org,Central,2025-01-21
41,Justin Baxter,sarayoung@example.org,North,2025-04-11
42,Sierra Johnson,kimberly63@example.com,North,2025-11-14
43,JANET WILLIAMS,dwalker@example.com,North,2024-04-21
44,CRYSTAL JOHNSON,raymondramirez@example.org,West,2024-08-01
45,Martin Ross,sheila14@example.org,Central,2025-11-07
46,Mrs. Linda Reed,samuel81@example.com,West,2025-02-10
47,ANDREW GRAHAM,michaeljones@example.net,West,2025-09-21
48,Mary Martinez,william65@example.com,North,2025-10-06
49,Cheryl Ortega,lbyrd@example.net,North,2025-05-03
50,Roy Torres,russellcarpenter@example.net,West,2025-02-02
51,Michael Dixon,donnacampbell@example.net,North,2024-08-13
52,Robert Potter,jeffrey32@example.org,North,2025-03-19
53,  Miss Patricia Gibson  ,jennifercruz@example.com,North,2024-02-02
54,Abigail Potter,osbornejeffery@example.net,West,2024-06-19
55,David Charles,danderson@example.net,South,2024-12-28
56,Emily Fischer,usalazar@example.net,West,2025-01-06
57,Jill Moore,wcole@example.org,Central,2024-10-25
58,Richard Washington,joshuajones@example.com,South,2025-08-10
59,Steven Miller,jessebenson@example.net,East,2024-06-13
60,Gary Owens,clarkrobert@example.net,Central,2024-05-29
61,Spencer Johnston,wsmith@example.com,South,2025-10-24
62,TIFFANY BARNES,tracynelson@example.com,West,2025-06-11
63,Michael Powell,marycalhoun@example.net,Central,2024-01-21
64,LESLIE ALVARADO,dayderek@example.com,Central,2025-01-08
65,Garrett Gibson,kathleen64@example.com,East,2024-05-07
66,Alec Ryan,jeffrey10@example.org,East,2024-06-25
67,Alex Hernandez,thomaswilson@example.org,North,2025-10-26
68,Jacob Obrien,stricklandfrank@example.com,North,2024-11-21
69,Eric Byrd,tsanders@example.org,East,2024-03-16
70,Lori Garcia,melissa91@example.net,South,2024-02-23
71,Jeffrey Wood,alexander67@example.org,Central,2025-07-01
72,Steven Stevens,,North,2024-10-30
73,Kimberly Webb,lpetersen@example.com,North,2024-07-08
74,Timothy Ramirez,dsanchez@example.net,South,2024-08-13
75,Allen Rosales,tonykelly@example.com,East,2025-03-03
76,Meredith Hill,blackjames@example.org,North,2024-08-26
77,Peter Vaughn DDS,bwest@example.org,North,2025-05-19
78,David Beck,thomas85@example.com,South,2024-07-24
79,Heather Chavez,john13@example.com,North,2025-11-28
80,Pamela Lopez,joannahill@example.net,South,2024-03-24
81,Diane Garcia,kennethward@example.com,South,2025-11-14
82,DENISE MCCANN,heidi27@example.org,North,2024-01-10
83,Julie Alexander,tammyking@example.com,North,2025-09-02
84,John Ray,hernandezlisa@example.com,Central,2024-03-20
85,Justin Butler,kimberlyjames@example.com,South,2024-02-29
86,Jessica Carroll,lynchjody@example.org,North,2024-07-27
87,Brad Allen,moorericky@example.net,West,2025-03-13
88,David Mann,ojones@example.com,East,2025-02-19
89,Mary Peck,owilson@example.net,North,2025-07-05
90,Charles Brown,brooke94@example.com,West,2024-04-14
91,Melissa Bender,mkim@example.org,South,2024-03-28
92,Lindsey Johnson,,North,2025-09-14
93,Phillip Underwood,hinesgregory@example.net,West,2025-02-14
94,Catherine Richards,ecosta@example.com,North,2025-04-01
95,Brian Martin,ssteele@example.net,East,2024-10-12
96,Krista Gibson,johnny16@example.net,East,2025-10-23
97,Sean Murray,lopezmichael@example.com,Central,2025-07-31
98,CHRISTINA DUNN,samuel71@example.org,Central,2025-03-13
99,Cynthia Moore,tranchristopher@example.org,South,2025-11-12
100,RONNIE JIMENEZ,william46@example.com,East,2024-11-19
101,Juan Reyes,michellehill@example.com,East,2025-11-17
102,Debra Smith,mary97@example.org,East,2024-08-25
103,Mr. Phillip Bennett,molly39@example.com,West,2024-11-08
104,Amanda Garner,qhughes@example.net,East,2024-06-12
105,Andrew Shaw MD,sawyerscott@example.net,South,2025-11-17
106,Charles Pitts,charlesharrington@example.com,West,2025-09-29
107,Marie Christian,ofinley@example.net,South,2024-08-24
108,Joshua Williamson II,wendy16@example.org,Central,2025-09-13
109,Ashlee Jackson,rebecca05@example.org,East,2025-06-16
110,  Charles Schmidt  ,georgemiller@example.com,South,2024-07-24
111,Thomas Thomas,dlittle@example.com,West,2025-03-09
112,Julie Roberts,charleslandry@example.net,West,2025-04-11
113,Melissa Bryant,james67@example.org,North,2024-07-28
114,Laura Haney,andrew64@example.org,West,2024-06-15
115,Natasha Williams,swall@example.org,West,2025-01-31
116,Mark Oliver,courtneyberger@example.net,West,2025-02-28
117,Amanda Diaz,christopherphillips@example.net,Central,2024-01-28
118,Richard Walter,alyssa42@example.com,Central,2024-10-17
119,Tracy Phillips,linda71@example.org,Central,2025-10-01
120,Michael Craig,zcoffey@example.net,West,2025-06-11
121,Alexis Herrera,vrichardson@example.net,Central,2024-09-13
122,Mark Watson,thomasharvey@example.net,East,2024-07-02
123,Maria Reid,tblankenship@example.net,North,2024-08-17
124,Tracy Torres,pwilson@example.net,South,2024-10-12
125,Michael Paul,umatthews@example.org,West,2024-04-04
126,Sandra Gilbert,antonio53@example.com,Central,2025-09-11
127,JACK POLLARD,amy50@example.com,Central,2024-11-07
128,TIFFANY HOLLOWAY,batesdarlene@example.net,West,2024-07-12
129,Gavin Zhang,caseyhubbard@example.org,Central,2025-11-10
130,Crystal Schroeder,ramireztracey@example.org,East,2025-02-14
131,ASHLEY DELACRUZ,alexistyler@example.org,West,2025-01-13
132,Derek Martinez,vfox@example.org,Central,2025-02-16
133,Kayla Rodriguez,soniawilliams@example.net,North,2024-11-29
134,Victor Brown,bboone@example.net,South,2024-12-31
135,Jill Lam,charlene12@example.com,East,2024-03-16
136,Michelle James,shawn96@example.org,West,2025-03-13
137,  MATTHEW RICH  ,russellbeasley@example.com,Central,2025-07-09
138,Jason Davis,qedwards@example.com,North,2024-08-25
139,Kara Davis,daviscolin@example.net,South,2025-10-29
140,ANTHONY FRYE,elizabeth65@example.net,South,2024-09-17
141,Thomas Williams,caroline51@example.net,West,2025-10-20
142,John Boone,megan51@example.com,Central,2024-12-21
143,Sarah Villegas,lynchdiane@example.net,South,2025-02-05
144,  Michael Parker  ,michael22@example.net,East,2024-07-06
145,Patrick Bonilla,reesejason@example.com,South,2025-04-05
146,Eric Nguyen,wareeric@example.net,North,2024-11-13
147,Jeremy Coleman,nperry@example.net,North,2024-02-04
148,  Douglas Gregory  ,trose@example.org,Central,2024-03-20
149,Mrs. Christine Dougherty,kathrynroberts@example.org,East,2024-06-03
150,Casey James,,West,2024-01-06
151,Amanda Smith,atkinsbarbara@example.net,South,2024-02-20
152,Donna Sullivan,george97@example.net,East,2024-10-10
153,Ryan Sanchez,zwarren@example.com,West,2025-10-05
154,Richard Jones,schmidtjames@example.com,South,2025-06-06
155,MARIA HERNANDEZ,thomasjames@example.net,South,2024-09-02
156,Angela Bean,kmarshall@example.net,East,2024-04-17
157,Kristy Reid,,South,2024-11-10
158,Eric Hill,bellcharles@example.com,Central,2024-02-17
159,  Ronald Jones  ,gilbertwilliam@example.com,South,2024-11-12
160,Nancy Williams,marcalvarez@example.org,South,2025-02-10
161,Robert Monroe,wagnergerald@example.org,North,2025-11-01
162,Kelly Bishop MD,paul59@example.org,East,2025-05-10
163,Andrea Davis,umitchell@example.net,East,2025-07-06
164,Brittany Miller,sabrinacollins@example.net,West,2025-11-06
165,Kurt Hurley,angelica52@example.net,South,2025-05-03
166,Yolanda Gaines,lucasrodney@example.com,South,2025-05-06
167,Trevor Peterson,ilee@example.org,Central,2024-01-13
168,Ashley Wise,stanleynancy@example.net,North,2024-02-24
169,Christopher Guerra,jenniferwilliams@example.com,East,2024-04-01
170,Jeremy Mitchell,,North,2025-04-18
171,Stephanie Lee,smurray@example.com,West,2025-11-06
172,CHRISTOPHER GONZALEZ,moniquewilliams@example.com,West,2024-12-18
173,Ashley Singleton,mitchellkathryn@example.com,West,2025-09-03
174,SANDRA DAVIS,lisawilkerson@example.org,Central,2024-11-10
175,JAMES HUGHES,brooksanthony@example.org,Central,2024-10-17
176,RAVEN TAYLOR,samantha72@example.net,Central,2025-08-10
177,Susan Smith,marydunn@example.net,South,2024-11-24
178,Ricardo Young,williamsrobert@example.net,East,2025-03-02
179,Taylor Carlson,chenbailey@example.net,Central,2024-11-15
180,Lucas Allen,qlopez@example.org,South,2024-04-10
181,Troy Stephens,myerstheodore@example.net,South,2025-01-01
182,  PAUL KELLY  ,cooperjessica@example.net,West,2024-09-27
183,  Nicole Anderson  ,amy27@example.net,East,2024-03-13
184,Chad Baldwin,mjohnson@example.org,South,2024-11-30
185,Emily Collins,ihays@example.com,South,2025-07-07
186,Cheryl Kelly,glennmartin@example.org,East,2024-06-26
187,JAMES GONZALES,lmorgan@example.com,East,2025-07-13
188,Robert Adams,acostachristian@example.net,West,2025-04-29
189,Edward Garcia,donna47@example.net,East,2025-11-27
190,Jeremy West,christina64@example.net,North,2025-05-17
191,Angela Walsh,william20@example.org,North,2025-11-17
192,Jessica Martinez,kimberlydiaz@example.com,Central,2025-08-17
193,CHRISTIAN COLE,nathan19@example.org,East,2025-10-26
194,Matthew Wright,johnsonjacob@example.net,Central,2025-01-05
195,Deborah Green,nlewis@example.com,Central,2024-09-27
196,Mrs. Brandy Jones MD,zosborn@example.net,West,2025-04-30
197,Miss Michelle Pierce,patricia22@example.com,South,2025-11-08
198,Curtis Taylor,jjohnson@example.net,West,2024-12-22
199,Kristen Salazar,jonesraymond@example.net,East,2024-09-15
200,Patricia Morrow,martinezlogan@example.org,Central,2025-05-18
201,HALEY HUMPHREY,katrinaanderson@example.net,West,2024-11-10
202,Caleb Hernandez,fernandodonovan@example.org,West,2025-09-29
203,Stephanie Singleton,james84@example.org,Central,2024-08-30
204,Anna Davidson,georgeweber@example.net,West,2025-03-13
205,Amanda Shields,williamsdarlene@example.net,South,2024-08-24
206,  Kenneth Montgomery  ,jimenezcourtney@example.com,West,2024-07-04
207,David Aguirre,eevans@example.net,West,2025-03-25
208,John Harris,larryhiggins@example.net,East,2024-02-11
209,James Hodges,floressteven@example.com,West,2025-11-22
210,Anthony Dougherty,kwright@example.com,Central,2024-11-10
211,Cheryl Moore,tjimenez@example.com,East,2025-10-15
212,Kathy Levy,brandywilliams@example.com,Central,2024-01-17
213,MARTHA RUIZ,booneryan@example.com,Central,2024-12-12
214,Holly Morales,michaelroberts@example.com,West,2025-05-24
215,Diana Hays,andersoncolin@example.com,Central,2024-12-18
216,Todd Fischer,carriemorales@example.org,South,2025-07-10
217,Gary Wells,ghernandez@example.org,North,2024-02-01
218,Carla Ewing,brittney88@example.net,West,2024-08-17
219,Karen Smith,emily69@example.com,South,2024-12-08
220,MELISSA JOHNSON,pbaker@example.net,Central,2025-07-11
221,Lauren Jackson,rhernandez@example.org,North,2025-02-08
222,Ashley Smith,robert63@example.com,West,2024-01-23
223,Kaitlyn Charles,thorntonapril@example.net,East,2024-12-17
224,Kelly Edwards,stevepatel@example.net,East,2024-08-15
225,Michelle Schneider,chelsea33@example.com,East,2024-09-05
226,William Evans,janet75@example.com,Central,2025-01-25
227,REBECCA HILL,berryamy@example.com,East,2024-09-01
228,Regina Roberts,stephanie15@example.com,North,2025-07-26
229,Cindy Clayton,sarah42@example.org,South,2025-04-04
230,  Dana Santiago  ,danawilliams@example.com,North,2025-03-06
231,Michael Taylor,richarddonovan@example.com,Central,2024-08-19
232,Victor Morris,velezchristopher@example.net,South,2024-11-30
233,Sarah Johnson,robertmonroe@example.org,South,2024-06-11
234,Jon Zuniga,nancy04@example.net,East,2025-11-29
235,Frances Gibson,ismall@example.net,West,2025-02-25
236,Brian Martin,twong@example.org,West,2024-11-23
237,Edward Craig,gregorychase@example.com,West,2024-01-10
238,Angie Caldwell,tinawoods@example.org,West,2025-08-01
239,Jeremy Adams,kevin90@example.com,East,2024-01-05
240,Amy Wilson,erik84@example.net,West,2025-04-02
241,Elizabeth Mendez,susanmendoza@example.com,North,2024-03-23
242,Jennifer Dunn,ztodd@example.net,East,2025-06-07
243,Melanie Larson,foxallison@example.com,South,2025-07-31
244,Amy Kelley,ashleyhernandez@example.com,South,2024-02-24
245,Michael Love,gdavis@example.com,East,2025-08-21
246,JOSE BRYANT,hansenemily@example.com,South,2025-07-20
247,Robert Reese,williamsmelvin@example.org,South,2025-05-21
248,Steven Andersen,ajohnson@example.org,East,2025-01-13
249,Veronica Brewer,ybrooks@example.com,East,2025-06-22
250,Jaime Vega,desireebailey@example.org,East,2025-08-31
251,Cameron Irwin,avilatiffany@example.com,North,2025-11-25
252,Kim Morrow,stevenmoore@example.org,West,2025-04-16
253,Ashley Pacheco,bmendez@example.org,West,2025-10-18
254,Andrew Harper,,East,2024-05-24
255,Scott Brown,jim95@example.net,North,2024-06-13
256,Erica Turner,valerieboyd@example.com,Central,2025-02-22
257,Travis Hobbs,conniesimmons@example.com,West,2024-07-29
258,Mason James,heather62@example.com,South,2024-02-02
259,KARA ATKINSON,meredith27@example.org,North,2024-09-20
260,Kristin Anderson,jonathanrivera@example.org,West,2025-01-28
261,Anna Hardy,brettbennett@example.net,Central,2025-10-07
262,Chelsea Gill,timothybooth@example.com,West,2025-02-26
263,Christy Lee,burgesskaren@example.org,East,2024-07-31
264,Jennifer Allen,kimberly67@example.net,South,2025-05-01
265,IAN ANDRADE,ugarcia@example.com,Central,2025-03-30
266,Dale Edwards,hartjeffrey@example.org,East,2025-06-17
267,Lauren Cortez,elijah53@example.com,West,2024-01-12
268,Juan Harding,jonathan77@example.com,North,2025-02-02
269,Caroline Cortez,iwhite@example.net,Central,2024-04-27
270,Sara Jones,duranrobert@example.net,Central,2025-11-01
271,Alexa Wagner,bruce97@example.net,South,2024-06-11
272,Juan Smith,amanda40@example.net,South,2024-12-07
273,Renee Browning,hullalice@example.org,North,2025-07-23
274,  ROBIN ADAMS  ,zmiller@example.com,South,2024-05-14
275,COURTNEY SUTTON DVM,davisnicholas@example.net,South,2025-01-30
276,Michele Miller,vnewman@example.net,West,2024-11-29
277,Stephanie Ellison,jasonparrish@example.net,West,2025-11-15
278,  Benjamin Frost  ,whitemelissa@example.org,Central,2024-11-28
279,  Nicole Marquez  ,thickman@example.org,West,2025-11-04
280,Sarah Rhodes,patrick21@example.net,West,2025-01-29
281,BRENT HALL,petersonkayla@example.net,North,2025-06-05
282,Alyssa Nelson,whenry@example.net,East,2024-10-04
283,Michael Guerrero,bartonkenneth@example.org,Central,2025-10-20
284,CHRISTIAN DAWSON,jodistewart@example.org,Central,2025-05-14
285,Jill Juarez,andersonjacob@example.com,South,2024-03-05
286,Ashley Davis,carlsonkristen@example.com,North,2025-01-24
287,Richard Hardy,ashleyjackson@example.com,South,2024-01-09
288,Derrick Thomas,ryanfisher@example.com,North,2024-04-28
289,TONY LE,mwheeler@example.com,South,2025-07-01
290,Travis Cook,vbrock@example.com,East,2024-03-15
291,Shannon Mccann,kevinmorrison@example.net,West,2024-08-22
292,Vincent Novak,jessica79@example.org,Central,2024-05-20
293,Richard Diaz,brittanygardner@example.net,South,2024-08-16
294,Nicholas Hahn,samuelcarter@example.net,Central,2025-06-21
295,Rebecca Chambers,cynthiaallen@example.net,West,2024-02-18
296,James Cole,iaguilar@example.net,Central,2024-04-17
297,Jennifer Johnson,jacqueline89@example.net,East,2025-10-08
298,David Ortega,,East,2025-10-02
299,Paul Sheppard,grodriguez@example.com,West,2025-04-19
300,Kristin Watts,seanmyers@example.net,North,2024-06-04
301,Haley Johnson,phillipssamantha@example.org,East,2025-02-16
302,Brenda Collins,hmueller@example.com,Central,2024-03-22
303,Nathan Chavez,evanslisa@example.org,Central,2024-08-31
304,BRIAN MARSH,zacharyarnold@example.com,West,2024-01-16
305,Crystal Sullivan,jacobsandoval@example.com,Central,2025-01-26
306,Christina Vargas,nsmith@example.org,Central,2024-01-21
307,  Rebecca Ray  ,michaelgonzalez@example.org,West,2024-07-13
308,KELSEY FOWLER,lcarr@example.org,South,2024-07-02
309,Lisa Cervantes,samantha91@example.net,North,2024-08-31
310,Eric White,,West,2024-04-03
311,John Medina,angelaburns@example.org,East,2025-02-06
312,  Lisa Glenn  ,washingtonjames@example.com,North,2024-05-10
313,KATHLEEN COHEN,cmckinney@example.com,West,2025-11-05
314,Rebecca Walker,hillamanda@example.org,North,2024-04-27
315,Patricia Simpson,armstrongjoseph@example.net,Central,2025-06-30
316,Rodney Williams,bpayne@example.org,West,2025-07-30
317,Danielle Golden,colemichael@example.org,Central,2025-05-30
318,Patricia Young PhD,michelle96@example.org,South,2024-11-03
319,Robin Trujillo,amanda98@example.org,North,2025-03-07
320,Donna Adams,taylorkaren@example.com,East,2024-08-14
321,Sharon Martinez DVM,dustinmorris@example.org,South,2025-10-05
322,Katherine Ray,courtney67@example.org,South,2025-06-17
323,Anna Robertson,heather57@example.com,West,2025-03-19
324,Raymond Oconnor,sreid@example.com,Central,2024-08-17
325,Jennifer Donaldson,troymorris@example.com,East,2025-08-18
326,KYLIE WASHINGTON,patricia00@example.org,East,2024-08-24
327,Alexis Noble,scottsmith@example.com,North,2025-03-14
328,Bonnie Santos,nancymcdowell@example.org,East,2024-05-21
329,Jacob Mckee,brettgarrett@example.net,Central,2025-04-03
330,Matthew Padilla,lewischristian@example.net,North,2025-05-04
331,Alexandra Dominguez,mcneilrobert@example.org,East,2024-06-07
332,Brandon Shaffer,edwardsnicole@example.org,West,2024-11-30
333,Shelly May,caseyelliott@example.net,North,2024-09-24
334,Nathan Fuller,samanthajensen@example.com,West,2025-03-31
335,Brian Goodwin,bbell@example.com,East,2025-08-24
336,Matthew Wright,kimberly04@example.org,East,2025-07-07
337,NICOLE PHILLIPS,bowerslaura@example.org,East,2024-12-28
338,JONATHAN WHEELER,hatfieldsarah@example.org,East,2024-12-12
339,Jennifer Payne,kathrynbest@example.org,Central,2024-09-27
340,Dennis Williams,fryraymond@example.com,South,2024-01-12
341,Jennifer Miles,davidsonamanda@example.org,West,2025-03-15
342,Jorge Harris,amandamyers@example.net,Central,2024-07-13
343,Maria Collins,pblair@example.org,Central,2025-06-18
344,Audrey Salazar,parkerjudith@example.net,North,2024-06-20
345,Chad Smith,hbenton@example.net,West,2024-05-02
346,Carol Martinez,jessica10@example.com,East,2025-07-02
347,Austin Joseph,crawfordwilliam@example.org,Central,2025-07-18
348,Holly Scott,shannonemily@example.org,South,2024-12-15
349,Amanda Roy,brandoncox@example.org,Central,2024-06-08
350,Amanda Pratt,pwalker@example.com,West,2024-05-05
351,Roger Duncan,shawrachel@example.org,Central,2025-10-03
352,Amber Morales,xcline@example.com,Central,2024-06-05
353,Aimee Gonzalez,jodi37@example.com,South,2024-08-17
354,Raymond Gonzalez DVM,edwardrandolph@example.org,West,2025-02-18
355,Ryan Wiley,aaron64@example.org,West,2024-06-12
356,Mrs. Tonya Kaufman,jenniferdavis@example.org,South,2024-05-23
357,MERCEDES WATSON,carpenterwilliam@example.net,East,2025-09-20
358,Keith Graham,joelgreen@example.com,North,2025-07-27
359,Ronnie Nguyen,enelson@example.org,Central,2025-10-10
360,Ashley Garcia,aowens@example.org,South,2024-04-05
361,Christine Parker,melissa12@example.net,West,2025-01-10
362,Lindsey Lewis,eddie35@example.com,North,2024-07-31
363,DEBBIE EWING,cranemelissa@example.net,East,2024-12-25
364,Joel Lara,davidbrown@example.org,West,2025-06-07
365,Jacqueline Mccoy,aguilarjonathan@example.org,West,2024-04-01
366,  Steven Ramos  ,christopherboone@example.com,South,2024-01-16
367,Amber Glass,zunderwood@example.com,Central,2024-03-26
368,Carrie Lewis,joshuagriffin@example.org,North,2024-01-21
369,Danielle Phillips,eandrade@example.org,West,2024-01-25
370,Jason Day,crystalpham@example.org,Central,2024-03-02
371,Heather Stephens,,South,2025-11-23
372,ALEXANDER HARPER,huangkimberly@example.org,Central,2024-08-13
373,Hunter Silva,terrigarcia@example.net,East,2025-07-20
374,Raven Mclaughlin,barbaramcgrath@example.com,Central,2024-06-17
375,Sarah Thompson,linda59@example.org,West,2024-09-05
376,  Keith Thomas  ,marycochran@example.com,North,2025-05-07
377,Andrew Brown,andrewwoods@example.com,Central,2025-01-14
378,  Carlos Love  ,brian29@example.net,Central,2025-10-04
379,Sarah Valencia,brookssheri@example.com,West,2025-10-04
380,Frank Daugherty,fconner@example.net,South,2025-02-14
381,Kristina Preston,jeffrey92@example.com,East,2024-08-10
382,Bethany Daniel,xrosales@example.net,East,2024-08-02
383,Tammy Ponce,daniellegarcia@example.com,Central,2024-01-23
384,CYNTHIA HAAS,daisymccarty@example.net,East,2024-04-08
385,Gabriela Smith,johnjones@example.com,East,2025-04-14
386,Amber Kim,acosta@example.com,West,2025-07-04
387,James Poole,franciscojones@example.org,South,2025-09-09
388,Trevor Jones,pamelamartin@example.org,Central,2024-07-25
389,ANNA WHEELER,bbush@example.net,West,2025-01-17
390,Brooke Garcia,terriortiz@example.net,East,2024-04-25
391,Deborah Campbell,codylong@example.net,West,2025-05-20
392,Isaac Patterson,madison97@example.org,East,2025-08-10
393,Mark Rowland,tanthony@example.com,Central,2024-03-08
394,Deborah May,ylopez@example.com,North,2024-11-25
395,Jeremiah Baker,anne21@example.org,South,2024-05-10
396,Jennifer Avila,angelarandall@example.net,West,2025-04-12
397,SHARON WELLS,thomasmiller@example.net,East,2024-10-20
398,  Kellie Duncan  ,davidtodd@example.org,South,2024-01-25
399,Daniel Lee,hendersonvanessa@example.com,North,2025-10-26
400,Brittany Larson,renee11@example.com,East,2024-05-21
401,Shannon Stone,buchanancindy@example.net,West,2025-01-24
402,Chase Knight,buckleyanna@example.org,East,2025-07-01
403,Sheryl Humphrey,patrick79@example.net,West,2025-07-04
404,Jamie Montgomery,vwilliams@example.net,South,2024-11-27
405,Tammie Prince,morganlaura@example.com,East,2024-06-15
406,Michael Garcia PhD,kevinmanning@example.com,East,2024-07-15
407,Matthew Lopez,robinrussell@example.com,South,2024-07-07
408,Samantha Robertson,cameronmckinney@example.com,South,2025-06-15
409,Sherry Johnson,nancygonzalez@example.org,East,2024-04-04
410,Thomas Bush,micheal78@example.com,Central,2024-06-23
411,Andre Watson,ethompson@example.net,West,2025-03-20
412,Ryan Green,mitchellpaul@example.org,West,2025-01-20
413,CINDY WALKER,ericaadams@example.com,North,2025-08-20
414,Tracy Fleming,pbuck@example.org,Central,2024-12-25
415,David Trujillo,jennifer46@example.com,West,2025-02-24
416,Daniel Turner,asilva@example.net,Central,2025-08-19
417,Sara Hoffman,kenneth17@example.org,South,2025-11-30
418,Frederick Hill,jacob83@example.org,North,2024-08-23
419,Lindsay Guerrero,jenniferrios@example.com,South,2025-07-17
420,James Johnson,matthewreeves@example.net,South,2024-06-30
421,Susan Powers,megan82@example.com,Central,2025-01-09
422,David Stokes,staceylam@example.net,Central,2024-03-09
423,Patrick Parker,nathan94@example.com,Central,2024-03-03
424,Sean Silva,kennedyjames@example.org,Central,2025-08-18
425,Edwin Brown,derrickgonzalez@example.com,East,2025-08-30
426,Victoria Thomas,kimberlyfreeman@example.net,West,2025-11-22
427,ANTHONY HAYES,kathleenjackson@example.org,West,2025-11-21
428,Anita Mendez,epowell@example.com,South,2024-12-08
429,Monica Dodson,katherine83@example.org,East,2024-01-04
430,Danielle Steele,larry16@example.net,Central,2025-04-18
431,Rodney Evans,stephen89@example.net,West,2025-02-16
432,WHITNEY COOPER,mhoward@example.org,West,2024-08-24
433,Jennifer Perez,jasonjohnson@example.net,South,2025-10-25
434,Matthew Johnson,kelsey90@example.net,South,2024-04-28
435,Martha Smith,butleromar@example.net,West,2025-11-27
436,Christine Jennings,turnerdorothy@example.net,West,2024-06-25
437,Mercedes Barnes,huntchristine@example.com,East,2024-12-30
438,Craig Gonzalez,marie35@example.net,West,2024-03-20
439,JOSHUA LOZANO,arivera@example.org,South,2024-10-13
440,Sara Caldwell,stacychan@example.org,East,2025-04-15
441,DAVID HALL,joseph01@example.org,East,2025-05-21
442,HEATHER RHODES,grodgers@example.org,Central,2025-09-03
443,Matthew Murphy,rfriedman@example.net,North,2024-01-07
444,CATHERINE MORALES,ynelson@example.net,East,2024-03-06
445,Mariah Robles,andersonjessica@example.org,Central,2025-08-18
446,  Karen Carroll  ,ywhite@example.com,South,2024-03-13
447,Sheryl Acosta,timothyfreeman@example.com,South,2025-03-03
448,Matthew Smith,tiffanysantiago@example.com,Central,2024-11-04
449,Lisa Reynolds,timothyalvarado@example.net,East,2024-12-29
450,Kristin Huerta,smithsarah@example.net,West,2024-09-26
451,Sheila Jones,vflores@example.com,East,2025-08-17
452,Mason Powell,christianwallace@example.net,East,2024-02-05
453,Jillian Wilson,bmcgee@example.org,North,2024-11-09
454,Joshua Petersen,pamela83@example.net,Central,2024-10-09
455,Heidi Brown,meganrivera@example.net,South,2025-04-15
456,Heidi Chavez,malonejeffrey@example.com,West,2025-02-23
457,  Rebecca Kelley  ,jacqueline02@example.com,North,2024-09-05
458,Mikayla Rodriguez,jacobconrad@example.com,West,2024-04-08
459,Cheryl Morgan,owilliams@example.net,West,2024-05-30
460,Joanna Barrett,tamarasmith@example.net,South,2025-02-16
461,Sara Webb,heatherthompson@example.org,West,2024-02-04
462,Lisa Morris,mbarnes@example.net,Central,2024-03-13
463,Victor Waller,iballard@example.com,East,2025-06-17
464,Kayla Cameron,jennifer83@example.org,Central,2025-02-25
465,Melissa Morse,tinasantos@example.org,East,2024-05-26
466,Erica Wilson,anna99@example.net,West,2024-12-18
467,Stephanie Ferguson,hstokes@example.org,East,2025-05-12
468,Michael Gonzalez,tonyavega@example.org,West,2024-01-18
469,Elizabeth Molina,howardshaun@example.net,East,2025-08-10
470,Sharon Newton,yyoung@example.net,West,2025-08-30
471,Tammy Hughes,tammy00@example.net,Central,2024-07-20
472,Priscilla Berg,rhondabush@example.net,North,2024-06-24
473,Nancy Gonzalez,kellythompson@example.net,Central,2024-09-14
474,Nancy Wilson,pattersonangela@example.org,East,2024-02-22
475,Abigail Owens,billmcfarland@example.net,North,2024-04-22
476,Lisa Stanley,jtyler@example.com,West,2024-02-05
477,Kelly Krueger,hartmanerik@example.net,East,2024-02-21
478,DANIEL LEWIS,mark43@example.net,Central,2025-01-10
479,Samantha Zavala MD,sean99@example.org,North,2025-01-06
480,Erica Moon,cruzamber@example.com,South,2025-11-02
481,PATRICIA ROBERTSON,stucker@example.net,West,2024-01-18
482,Tiffany Jackson,simsjason@example.net,East,2024-05-14
483,JESSICA GARCIA,elucas@example.net,North,2025-06-25
484,Mitchell Johnson,brownlaura@example.net,Central,2025-04-25
485,Susan Russell,bmccoy@example.com,Central,2024-02-19
486,Kimberly May,avilabrenda@example.net,South,2024-01-12
487,Jonathan Roberts,catherine47@example.com,North,2025-08-16
488,Kara Ferguson,julierobles@example.net,South,2024-10-03
489,Elizabeth Eaton,susan08@example.net,West,2024-07-25
490,KENNETH LONG,torreskaitlin@example.net,South,2024-04-08
491,Matthew Hunt,jackjensen@example.com,North,2024-08-28
492,Robert Phelps,enewman@example.com,East,2024-05-16
493,  Craig Carpenter  ,michael31@example.com,East,2025-04-15
494,EMILY HAYES,heather29@example.net,East,2025-03-09
495,Jeffrey Smith,kristenjoseph@example.net,East,2024-09-12
496,Brandy Quinn,wford@example.com,East,2024-11-01
497,Matthew Miller,michele28@example.org,South,2024-12-06
498,Angela Jones,atkinsoncrystal@example.net,Central,2024-07-03
499,Christy Johnson,amy87@example.net,South,2025-02-09
500,Daniel Barton,dennis88@example.org,North,2025-06-26
501,Mary Charles,katherinetaylor@example.org,Central,2024-10-04
502,Mary Faulkner,ccrosby@example.org,South,2024-05-05
503,Dennis Young,aprilmoody@example.com,Central,2025-06-17
504,Anthony Hooper,dakota84@example.net,West,2024-11-24
505,Carrie Valdez,briana18@example.com,West,2024-07-03
506,Kelli Gomez,tommy79@example.org,Central,2024-09-20
507,Christopher Jones,jason22@example.com,West,2024-12-17
508,MARY PERRY,jennifer77@example.com,North,2025-02-25
509,Roy Johnson,andersonbrittany@example.org,North,2024-05-27
510,KENNETH BROWN,sandra86@example.net,North,2025-03-16
511,Sherry Luna,stacey37@example.net,West,2025-11-09
512,Carolyn Greer,laurahoover@example.org,West,2025-11-25
513,Carol Jennings,ecarlson@example.org,Central,2025-03-12
514,Alan Mills,mserrano@example.org,Central,2024-09-21
515,Linda Rich,davisdonna@example.net,North,2024-05-04
516,Todd Gregory,xboyd@example.org,Central,2025-01-12
517,Todd Olson,zbell@example.net,West,2025-05-03
518,Laura Coleman,thomas31@example.com,North,2025-09-27
519,Deanna Smith,lanedavid@example.org,North,2025-02-22
520,ROBERT ORTIZ,mooredenise@example.com,West,2024-09-19
521,  Krystal Carr  ,afischer@example.net,North,2024-07-01
522,Mr. Justin King,becky62@example.net,North,2025-07-02
523,Richard Avery,lewisrichard@example.com,Central,2024-03-24
524,Melinda Williams,aoconnell@example.org,East,2025-07-14
525,Kyle Davis,jeffrey19@example.org,Central,2025-07-30
526,Jennifer Douglas,jennifer90@example.org,Central,2025-05-22
527,Dakota Sandoval,james98@example.net,West,2025-03-24
528,MEGAN WARD,cantrellchristopher@example.com,West,2025-05-03
529,James Willis,mclaughlincasey@example.org,South,2025-06-29
530,Kristin Aguilar,sylvia43@example.net,South,2025-01-19
531,Jared Smith,richardrodriguez@example.org,West,2025-11-05
532,Bruce Palmer,nancy94@example.net,Central,2024-12-18
533,John Sanchez,susan77@example.net,East,2024-11-05
534,Mr. James Kramer,ericahall@example.com,North,2025-08-26
535,Joseph Haynes,john16@example.net,West,2024-10-15
536,Justin White,michael94@example.org,South,2025-06-08
537,Susan Porter,jimmyallen@example.com,South,2025-10-24
538,David Montgomery,kimberlywilson@example.org,North,2024-05-24
539,Lisa Duran,charlesnathan@example.com,West,2025-04-18
540,Dr. Sheila Henry,raymond92@example.org,West,2024-12-10
541,Todd Johnson,phillip27@example.org,West,2025-01-03
542,Michael Smith,nicolasgarcia@example.com,East,2025-05-03
543,Joshua Young,vmullen@example.com,West,2025-03-04
544,Jason Goodwin,melissa47@example.org,East,2024-05-08
545,Melissa Olsen,linda86@example.com,South,2025-02-03
546,Nancy Kennedy,,West,2024-05-17
547,Rachel Evans,rosshannah@example.org,Central,2024-12-27
548,Ryan Davis,jordan58@example.net,East,2024-05-30
549,Alejandro Martinez,barbarasantos@example.net,West,2025-10-14
550,Heather Nunez,champton@example.org,South,2024-05-02
551,Mark Thomas,daniellemcfarland@example.com,Central,2024-09-23
552,Sarah Jones,matthewedwards@example.net,North,2025-03-17
553,Matthew Nelson,xnorman@example.net,West,2024-07-22
554,Jennifer White,martinezjimmy@example.com,South,2025-02-14
555,Angela Jackson,,Central,2025-10-20
556,James Hubbard,garciachristine@example.org,West,2025-01-18
557,Ellen Wright,,North,2025-04-03
558,Matthew Dalton,michelle78@example.com,North,2025-08-09
559,Travis Ryan,owelch@example.net,South,2025-01-18
560,KIMBERLY STOUT,zfernandez@example.org,South,2024-10-31
561,David Torres,millskatherine@example.org,West,2024-11-05
562,Adam Weeks,xevans@example.com,South,2024-08-28
563,Rebecca Kelley,robertcastro@example.com,North,2025-07-12
564,Maria Clayton,josehenderson@example.org,North,2024-06-23
565,Lisa Benson,justin84@example.com,North,2024-12-27
566,CHAD RODRIGUEZ,rwilliamson@example.net,East,2024-05-11
567,Alec Williams,lopezcurtis@example.com,Central,2025-03-11
568,Adam Davis,snydermatthew@example.com,Central,2024-03-28
569,MR. MICHAEL JOHNSON JR.,brianrowe@example.org,East,2025-07-04
570,  Steven Wright  ,hclayton@example.net,East,2025-01-15
571,Jessica Rojas,,West,2024-06-23
572,Mrs. Melanie Collins,eric08@example.net,Central,2024-12-30
573,Mr. Isaac Williams,teresayoung@example.com,East,2024-03-26
574,Donald Wilson,albertwilliams@example.net,North,2024-08-15
575,Jacqueline Davis,vincentparks@example.com,West,2024-11-28
576,LORI BROWN DDS,martinezjesse@example.net,Central,2025-10-13
577,Renee Gonzales,andrewgray@example.net,North,2025-07-05
578,Karina Kim,amy73@example.net,South,2024-04-04
579,Nicholas Hill,caseymoore@example.com,Central,2024-05-10
580,JORDAN PARSONS,bgross@example.net,South,2025-07-27
581,CYNTHIA LE,rlee@example.com,South,2025-08-22
582,Douglas Ortiz,daniel81@example.org,North,2025-06-20
583,Shane Harris,clee@example.net,North,2025-08-07
584,John Hanson,brandon39@example.net,Central,2025-03-25
585,Christine Henry,mcdonalddanielle@example.com,Central,2024-02-19
586,Jennifer Wood,colonjoseph@example.org,West,2025-01-25
587,Angela Lewis,,Central,2025-05-29
588,Danielle Garrett,angelagrant@example.net,South,2024-05-12
589,Heather Ellis,kandrade@example.org,East,2024-03-14
590,MARY FERGUSON,umahoney@example.net,West,2025-01-19
591,Jacob Duran,umckenzie@example.net,South,2025-11-25
592,Jaime Pierce,michael77@example.com,West,2024-06-17
593,Duane Smith,victoriaturner@example.com,East,2024-01-01
594,Ethan Ingram,samantha88@example.net,West,2025-11-20
595,Andrew Kelly,josephpreston@example.org,Central,2025-10-10
596,Anna Ross,jessicacummings@example.com,South,2024-06-12
597,Melissa Johnston,larsonkevin@example.net,East,2024-05-01
598,Richard Weeks,michael66@example.org,Central,2025-07-19
599,Matthew Guzman,walterscrystal@example.org,West,2025-08-31
600,Joshua Hernandez,ericnunez@example.com,Central,2024-08-01
601,  Laura Davis  ,zroberts@example.org,West,2025-11-10
602,Kenneth Williams,zbaker@example.net,North,2024-04-02
603,Pamela Castillo,tonypearson@example.org,West,2024-10-31
604,Kelly Allen MD,kmorris@example.org,South,2025-01-27
605,Jacob Lee,brittney04@example.org,Central,2024-03-19
606,Wanda Ramos,scottglass@example.org,West,2025-11-22
607,Peter Farrell,singhjohn@example.net,Central,2024-05-19
608,Samantha Smith,torresthomas@example.com,South,2025-10-10
609,Christina Mills,ana92@example.net,North,2024-05-26
610,Kevin Alvarado,scottbrian@example.org,East,2025-05-04
611,  Amy Pena  ,jonesdonna@example.net,East,2025-07-06
612,Sharon Smith,yhall@example.net,Central,2025-08-19
613,Ethan Delacruz,lopezvincent@example.com,Central,2025-11-14
614,Amanda Nielsen,matthew62@example.org,West,2025-01-27
615,Mario Young,lisa46@example.org,North,2024-08-30
616,Courtney Peterson,fsandoval@example.net,East,2025-10-22
617,Lisa Garrett,robertberry@example.com,West,2024-09-24
618,Erin Daniels,denisecarpenter@example.net,North,2025-11-10
619,Ellen Thornton,russellstout@example.org,East,2025-07-14
620,Brooke Jones,whitemary@example.org,South,2025-04-04
621,Sheryl Gutierrez,vturner@example.net,West,2025-05-23
622,Richard Rodriguez,anthonyodom@example.net,South,2025-10-15
623,Crystal Hall,howardhailey@example.com,Central,2024-07-05
624,Julie Banks,melissahenry@example.org,North,2024-04-03
625,Jason Novak,stephanie33@example.org,North,2024-04-24
626,Victoria Camacho,dwatts@example.org,East,2024-02-16
627,Lisa Holloway,phillip99@example.net,West,2024-10-26
628,Rachel Meyer,cbryant@example.org,Central,2025-01-02
629,Nicholas Grant,leescott@example.com,West,2024-12-29
630,Christopher Phillips,vaughnrebecca@example.com,East,2025-06-25
631,Nathan Wilson,phillipmorris@example.org,East,2025-08-03
632,Michelle Harris,udavis@example.net,South,2024-05-05
633,Carly Quinn,wilsonshannon@example.com,West,2025-03-30
634,Monica Hester,nicholasjames@example.org,South,2024-02-29
635,Mary Hernandez,haroldjoseph@example.com,East,2025-09-30
636,Tonya Roberts,davidanderson@example.org,North,2024-08-03
637,Alexandria Jimenez,astephens@example.net,Central,2024-01-03
638,Kevin Alvarez,mramos@example.net,West,2025-09-09
639,Diana Fuller,brandonhernandez@example.net,Central,2024-01-05
640,Andrew Lane,mark10@example.org,East,2024-09-01
641,Michael Carr,tammycurry@example.com,Central,2024-10-18
642,Edwin Richardson,wwilkins@example.com,North,2025-10-14
643,John Martinez,mark68@example.org,East,2025-08-13
644,Ashley Blair,webbhaley@example.net,West,2025-05-02
645,Emily Fox,sara99@example.com,South,2024-07-20
646,Katherine White,jeanettekrause@example.org,East,2024-12-29
647,ROBERT MCLAUGHLIN,laurenduarte@example.com,North,2024-03-23
648,Robert Lewis,hannahking@example.org,Central,2024-02-01
649,Erica Smith,matthew99@example.org,West,2024-08-03
650,Roy Nielsen,zhendricks@example.org,South,2025-08-05
651,Mr. Steven Herrera,steven60@example.net,Central,2025-03-27
652,Emily Herrera,barbararivera@example.com,East,2024-07-28
653,Ryan Morgan,ksims@example.net,North,2024-02-16
654,Bruce Patton,janet50@example.com,North,2025-02-27
655,David Hayes DVM,aliciathompson@example.com,South,2024-10-16
656,Susan Wallace,lloydrebecca@example.org,West,2025-07-03
657,Morgan Mills,douglas18@example.net,West,2024-05-13
658,ANDREW HUGHES,smithsarah@example.net,North,2025-11-25
659,Felicia Small,meyerdonna@example.com,East,2025-08-16
660,Margaret Clark,jameshill@example.com,North,2024-01-16
661,Denise Moore,smithcindy@example.net,East,2025-06-24
662,Kirsten Nelson,audrey21@example.com,West,2024-03-12
663,Jeremy Anderson,dberger@example.org,East,2025-03-05
664,James Bush,tjensen@example.com,West,2024-09-25
665,Megan Ferguson,fbradley@example.net,North,2025-07-26
666,Michael Mckinney,oruiz@example.org,North,2024-11-23
667,Susan Myers,kristina57@example.com,West,2025-08-25
668,Gregory Murray,justinbailey@example.net,East,2024-01-22
669,Robert Robles,angela14@example.net,East,2024-03-30
670,Cynthia Sanchez,terrireyes@example.com,South,2024-11-18
671,Jessica Baird,amy32@example.net,South,2024-05-25
672,MICHELLE COPELAND,vargassteven@example.net,South,2025-04-13
673,Eric Sullivan,jenningscandace@example.com,West,2024-03-09
674,Amy Robinson,,West,2024-08-17
675,Mary Chavez,peter97@example.org,North,2025-07-20
676,Elizabeth Bauer,samantha65@example.org,East,2024-05-23
677,Kayla Abbott,bryan80@example.org,South,2025-02-11
678,Heather Callahan,youngjacqueline@example.com,Central,2025-05-07
679,Jennifer Graham,,South,2025-03-13
680,Heather Butler,whitney22@example.org,West,2025-01-23
681,NATHAN TUCKER,iproctor@example.org,North,2024-02-20
682,Shannon English,dhanson@example.net,East,2024-04-06
683,Janice Perez,kjacobs@example.com,South,2024-10-23
684,Jonathan Jenkins,arthur09@example.com,North,2025-08-15
685,John Vaughn,jessicafox@example.com,Central,2025-05-08
686,Steve Davis,qmccoy@example.net,North,2024-11-21
687,Rebecca Edwards,bergeramanda@example.org,West,2024-02-24
688,Julie Gross,zgomez@example.com,Central,2024-11-24
689,THOMAS CURRY,bryan79@example.org,East,2024-07-21
690,Dorothy Mclaughlin,mitchellchristopher@example.net,East,2025-02-05
691,Darlene Gilbert,michaela01@example.net,North,2024-02-23
692,BRITTANY GRIFFIN,,North,2024-05-02
693,Amanda Riggs,caitlinunderwood@example.com,East,2024-05-06
694,James Guerrero,jasonnavarro@example.com,West,2025-06-10
695,Robert Williams,tross@example.com,East,2024-02-08
696,KIM JAMES,jwells@example.net,South,2025-06-06
697,Timothy Cole,suzanne01@example.net,North,2025-09-01
698,Jessica Hull,matthew41@example.com,South,2025-03-22
699,RAYMOND CURRY,aprilbyrd@example.org,West,2025-04-03
700,ADAM JONES,gdavis@example.net,South,2024-08-07
701,Douglas Lee,harveybrian@example.net,South,2024-11-08
702,Tiffany Little,millercassandra@example.com,East,2025-04-04
703,Kylie Coffey,dominguezjon@example.com,East,2025-04-04
704,Jesse Carney,qschwartz@example.com,East,2025-04-07
705,Destiny Brown,dcook@example.com,Central,2024-06-29
706,Jeremiah Vasquez,chelseywhite@example.com,North,2025-10-30
707,Jessica Mendez,gainesjennifer@example.org,East,2024-03-16
708,Nicholas Waters,mosleyeduardo@example.net,North,2024-01-25
709,  James Hernandez  ,rebecca90@example.net,North,2024-01-01
710,Karen Powell,fernandezaaron@example.net,South,2025-05-10
711,  Mr. Timothy Howard  ,richard15@example.net,West,2025-07-26
712,Ryan Hodges,deborah28@example.org,East,2025-08-20
713,ELIZABETH PRICE,mccoymichael@example.org,Central,2025-11-08
714,COLLIN JOHNSON,cortezbrittany@example.com,Central,2025-09-11
715,Maria Porter,blevy@example.org,West,2024-09-29
716,Nathan Sullivan,lindsaycontreras@example.com,North,2024-08-25
717,KIMBERLY FIGUEROA,sandyjohnson@example.org,Central,2025-10-20
718,Terry Montgomery,jacquelineanderson@example.org,East,2024-12-08
719,Samantha Davis,marybrown@example.org,South,2025-03-18
720,Lisa Brown,ronaldcain@example.net,South,2024-03-20
721,William Johnston,,East,2025-04-19
722,  Gabriela Martinez  ,katherinejackson@example.com,East,2025-06-18
723,Timothy Williams,,East,2025-01-22
724,John Smith,saramann@example.net,West,2025-06-28
725,Robert Barton,jamiebowman@example.net,East,2025-09-12
726,Christopher Holt,jennifersalazar@example.org,Central,2024-11-11
727,Hannah Smith,jamesdowns@example.org,North,2025-03-15
728,Victoria Romero,qtownsend@example.org,West,2025-03-09
729,Robert Jennings,kjimenez@example.net,South,2024-07-12
730,Jackson Clark,matthew70@example.org,West,2025-10-07
731,Casey Floyd,erobertson@example.org,East,2025-06-02
732,Erika Gonzalez,jerry15@example.org,Central,2025-05-19
733,Sheila Bennett,charlesrichards@example.org,East,2024-03-09
734,Timothy Gibson,dbrooks@example.net,South,2025-09-15
735,Derrick Rogers,schwartzbrian@example.org,North,2024-05-15
736,Jason Wolf,oliviamunoz@example.net,Central,2024-03-18
737,Laura Tran,christophervincent@example.com,North,2025-10-28
738,John Ford,blairjill@example.org,North,2025-08-26
739,Daniel Pennington,robinvillanueva@example.com,North,2024-06-22
740,John Mack,simmonsphillip@example.net,Central,2025-11-17
741,David Hansen,steelerichard@example.org,South,2025-07-28
742,MATTHEW DAVIS,kcaldwell@example.net,South,2024-04-02
743,Lauren Bray,tingram@example.com,North,2024-11-17
744,Lori Padilla,daltonchad@example.net,North,2024-05-09
745,Jeffery Nelson,kristinmiller@example.com,South,2024-08-21
746,Tony Leonard,rodriguezmichael@example.net,North,2025-05-30
747,Matthew Bush,devonrogers@example.net,Central,2024-01-29
748,Todd Carpenter,karenhodges@example.com,West,2024-03-20
749,Michael Ramirez,watsonshaun@example.net,South,2024-09-03
750,Michael Gregory,shannon51@example.org,Central,2025-01-03
751,Bobby Hurst,susan11@example.org,West,2025-09-16
752,Kathleen Golden,cartertara@example.net,West,2024-07-12
753,Jason Rojas,carterbryan@example.org,Central,2025-10-14
754,Gabriella Lane,todd88@example.com,North,2025-08-07
755,Stephanie Parker,jeremy54@example.org,Central,2024-11-16
756,Tyler Montgomery,jennifermitchell@example.org,East,2024-04-13
757,Mary Hernandez,darylchaney@example.net,South,2025-08-10
758,Cody Hart,,West,2024-03-29
759,Carla Turner,sullivanvictor@example.org,South,2024-09-18
760,Brittney Cordova,deborah47@example.com,North,2025-10-25
761,Wendy Estrada,hmorgan@example.net,West,2025-11-09
762,Michael Wilson,moralesmary@example.com,South,2024-12-01
763,Lee Lee,kimberlywang@example.org,East,2024-09-07
764,JILL POWERS,daughertypreston@example.com,Central,2024-01-16
765,Terri Kerr,raymond65@example.com,West,2024-08-10
766,  Gregory Madden  ,lewispamela@example.net,North,2024-09-17
767,Donna Shaffer,achandler@example.org,North,2025-11-25
768,Briana Turner,carl96@example.org,East,2025-08-07
769,Denise Thompson,wpage@example.org,East,2024-01-05
770,Donna Henry,mary47@example.net,South,2024-05-19
771,Rick Moore,stephanie71@example.net,North,2025-06-01
772,Christopher Knox,anthonyhubbard@example.com,North,2025-04-11
773,Patrick Perkins,ooneill@example.net,West,2025-11-27
774,Barbara Hunt,brucefrancisco@example.org,South,2024-11-29
775,Michael Howard,nelsonrobert@example.com,Central,2024-04-12
776,Mark Jones,katiewhite@example.org,South,2024-02-04
777,Frank Stewart,joseph51@example.net,South,2025-02-23
778,Alexandria Holmes,kimberly65@example.org,West,2025-02-10
779,Daniel Lopez,butlersabrina@example.org,South,2024-03-12
780,Karen Collins,don79@example.net,South,2025-07-27
781,Michael Johnson,walkermelissa@example.org,East,2025-06-18
782,Daniel Zavala,yvazquez@example.org,South,2025-04-26
783,Nicole Williams,johnsondonna@example.net,East,2024-02-24
784,David Jones,websterkimberly@example.net,North,2024-02-11
785,Cathy Bell,thomasjulie@example.com,North,2024-05-23
786,Christopher Mason,williamjones@example.net,West,2025-10-26
787,Michelle Brandt,rachelmedina@example.net,North,2025-06-18
788,Jonathan Zimmerman,helen27@example.net,South,2024-03-10
789,HENRY GRAY,willierussell@example.com,East,2025-11-01
790,Chad Farmer,,East,2024-03-27
791,Jesus Fitzgerald,aperez@example.com,Central,2024-12-11
792,Scott Jacobson,xcrosby@example.org,Central,2025-11-20
793,Megan Sanders,wilsonralph@example.net,South,2024-01-09
794,Timothy Levine,coxjames@example.org,East,2025-02-17
795,Barbara Massey DDS,kathy99@example.com,Central,2025-02-20
796,Terri Kelly,garcher@example.com,North,2025-06-13
797,Bryan Burns,courtneytaylor@example.org,North,2024-04-13
798,Kathleen Johnson,patrickshelton@example.org,Central,2025-05-31
799,PAIGE GUERRERO,msparks@example.com,East,2024-07-30
800,Dennis Cooper PhD,cisnerosanthony@example.com,West,2025-04-08
9,Margaret Hawkins DDS,perezantonio@example.com,West,2024-09-22
511,Sherry Luna,stacey37@example.net,West,2025-11-09
176,RAVEN TAYLOR,samantha72@example.net,Central,2025-08-10
736,Jason Wolf,oliviamunoz@example.net,Central,2024-03-18
243,Melanie Larson,foxallison@example.com,South,2025-07-31
765,Terri Kerr,raymond65@example.com,West,2024-08-10
541,Todd Johnson,phillip27@example.org,West,2025-01-03
431,Rodney Evans,stephen89@example.net,West,2025-02-16
85,Justin Butler,kimberlyjames@example.com,South,2024-02-29
643,John Martinez,mark68@example.org,East,2025-08-13
256,Erica Turner,valerieboyd@example.com,Central,2025-02-22
112,Julie Roberts,charleslandry@example.net,West,2025-04-11
290,Travis Cook,vbrock@example.com,East,2024-03-15
350,Amanda Pratt,pwalker@example.com,West,2024-05-05
704,Jesse Carney,qschwartz@example.com,East,2025-04-07
